domain,type,ICC,ICC_ci_lower,ICC_ci_upper,se,n
Body image,ICC2,0,-0.35153123094353966,0.3515312309435396,0.17935266884874473,22
Disgust,ICC2,0.38635249655642034,0.1406413218210262,0.5902967855275006,0.11470802645573329,37
Friend-Enemy,ICC2,0.31949937415768215,0.11731949323824101,0.4964889731320159,0.09672690813616708,61
Gender (1),ICC2,0,-0.2708641756292336,0.27086417562923354,0.13819600797409878,37
Lincoln-Hitler,ICC2,0,-0.16707032065912902,0.1697880670154196,0.08593326216187465,87
Race (1),ICC2,0.2414989533640151,-0.015487136744250273,0.4690338244469059,0.12360228601815208,41
Religion,ICC2,0.034828031032567805,-0.2736917638844323,0.3370788976671438,0.1558088422325449,29
Sexuality (7 day),ICC2,0.3921236968287688,0.09092780034084935,0.6312693373222386,0.13784222882178296,26
