domain,type,ICC,ICC_ci_lower,ICC_ci_upper,se,n
Body image,ICC2,0,-0.41324703053361167,0.41324703053361167,0.2108403217008223,22
Disgust (1),ICC2,0.37830898064708307,0.0809046838512165,0.6182275324102714,0.13707215524465685,37
Friend-Enemy,ICC2,0.4471558348045988,0.22096185978752325,0.6279896043855936,0.10383360831583427,60
Gender (1),ICC2,0,-0.31200636866846715,0.31200636866846715,0.15918692279003427,39
Lincoln-Hitler,ICC2,0,-0.18457723906273468,0.1886637614674592,0.09521454095158008,98
Race (1),ICC2,0.3234563801709993,0.026937846489901066,0.5682374417080772,0.1380866314332082,42
Religion,ICC2,0,-0.3509687993745221,0.3530935898131578,0.1796077523437959,30
Sexuality (1),ICC2,0.4302126774794036,0.06689978325234898,0.6950584159411879,0.16024454915531605,26
