domain,r,n,yi,vi
Body image,-0.41049769581605927,22,-0.43620963408411806,0.05263157894736842
Disgust (1),0.44459099948551095,37,0.47793836746894575,0.029411764705882353
Friend-Enemy,0.418965244630823,60,0.4464363045121006,0.017543859649122806
Gender (1),-0.11919857697977461,39,-0.11976797544081362,0.027777777777777776
Lincoln-Hitler,-0.0471306612209903,98,-0.04716560490550242,0.010526315789473684
Race (1),0.21868001675787085,42,0.22226941146366822,0.02564102564102564
Religion,0.03571961238744249,30,0.03573481546814837,0.037037037037037035
Sexuality (1),0.4497172963062088,26,0.48434584772744704,0.043478260869565216
