domain,type,ICC,ICC_ci_lower,ICC_ci_upper,se,n
Body image,ICC2,-0.4535937642691577,-0.7897533854908718,0.014195046508189044,0.20508888571404613,20
Disgust (1),ICC2,0.372382502889053,0.07576232569285955,0.6133586688022914,0.13714192426261015,37
Friend-Enemy,ICC2,0.30979289999778065,0.0395943441447131,0.5368099691568053,0.12684072066635008,52
Gender stereotypes (1),ICC2,-0.19568372628316558,-0.49858826540546575,0.1413709895099093,0.16325491196820793,37
Lincoln-Hitler,ICC2,-0.017285768664064956,-0.20042222272792964,0.17647401610513172,0.09614699970231157,84
Race (1),ICC2,0.36474811540562085,0.05303357743898648,0.6139665489886986,0.143095145803498,36
Religion,ICC2,-0.140449386109085,-0.48941771974251097,0.25540979999179514,0.19000702034038422,25
Sexuality (1),ICC2,0.4581794629935,0.1073439002798792,0.7090930020975621,0.1535074239330824,27
