domain,type,ICC,ICC_ci_lower,ICC_ci_upper,se,n
Body image,ICC2,-0.3286190126060005,-0.8183345948684729,0.31351960466415746,0.28873831620730367,12
Friend-Enemy,ICC2,0.33187065556331563,-0.021657488240671804,0.6090252819464061,0.16088846178241786,32
Gender stereotypes (1),ICC2,-0.14870636194608908,-0.4738118195375148,0.2032173676726897,0.17271152734954195,34
Lincoln-Hitler,ICC2,-0.04476179704191294,-0.32615269742108977,0.24930967984930266,0.14680162685469195,43
Race (1),ICC2,0.3396981775623235,-0.09031131024189894,0.6578620051941777,0.19086053965206037,23
Religion,ICC2,-0.33997303639458704,-0.6925521937371563,0.1398853718540356,0.21235652183448772,18
Sexuality (1),ICC2,0.5014142226129426,0.12631040957581,0.7497693052116997,0.15904563664180862,24
