domain,r,n,yi,vi
Body image,-0.3729736821997352,21,-0.3918728617849413,0.05555555555555555
Disgust (1),0.4051862039357329,40,0.42983834685105515,0.02702702702702703
Friend-Enemy,0.330738869828377,60,0.3436576475545197,0.017543859649122806
Gender (1),-0.19100244304657707,37,-0.19337736169545644,0.029411764705882353
Lincoln-Hitler,-0.0958857588913338,95,-0.09618125108567482,0.010869565217391304
Race (1),0.3386532474016183,40,0.35257052905179725,0.02702702702702703
Religion,0.016982819372489768,30,0.01698445236156891,0.037037037037037035
Sexuality (1),0.4904867795911576,27,0.5367011215810824,0.041666666666666664
