domain,r,n,yi,vi
Body image,-0.422145356798428,20,-0.4502997352073395,0.058823529411764705
Disgust (1),0.4115479739799349,37,0.4374734153813293,0.029411764705882353
Friend-Enemy,0.313080050880365,52,0.32395653866001584,0.02040816326530612
Gender stereotypes (1),-0.19100244304657693,37,-0.19337736169545627,0.029411764705882353
Lincoln-Hitler,-0.01974483867208898,84,-0.019747405171202784,0.012345679012345678
Race (1),0.37123579491394204,36,0.3898556692853674,0.030303030303030304
Religion,-0.14623243055874333,25,-0.14728835294128267,0.045454545454545456
Sexuality (1),0.49048677959115733,27,0.5367011215810821,0.041666666666666664
