domain,type,ICC,ICC_ci_lower,ICC_ci_upper,se,n
Body image,ICC2,-0.4535937642691584,-0.7897533854908722,0.014195046508188402,0.20508888571404604,20
Disgust (1),ICC2,0.3723825028890532,0.07576232569285975,0.613358668802292,0.13714192426261024,37
Friend-Enemy,ICC2,0.30979289999778037,0.03959434414471281,0.536809969156805,0.12684072066635005,52
Gender stereotypes (1),ICC2,-0.195683726283165,-0.4985882654054651,0.1413709895099099,0.1632549119682079,37
Lincoln-Hitler,ICC2,-0.01728576866406538,-0.20042222272793017,0.17647401610513147,0.09614699970231165,84
Race (1),ICC2,0.36474811540562085,0.05303357743898647,0.6139665489886986,0.143095145803498,36
Religion,ICC2,-0.14044938610908508,-0.4894177197425111,0.25540979999179514,0.19000702034038422,25
Sexuality (1),ICC2,0.45817946299349976,0.10734390027987871,0.7090930020975619,0.15350742393308245,27
