domain,type,ICC,ICC_ci_lower,ICC_ci_upper,se,n
Body image,ICC2,-0.39852928743697097,-0.7464525564342926,0.06199688594202157,0.20623710264701894,21
Disgust (1),ICC2,0.3714024312954888,0.08601306817616065,0.6047393922423018,0.13232814389442377,40
Friend-Enemy,ICC2,0.330862445526533,0.08412735155930147,0.5388478603524917,0.11600012979418117,60
Gender (1),ICC2,-0.19568372628316558,-0.49858826540546575,0.1413709895099093,0.16325491196820793,37
Lincoln-Hitler,ICC2,-0.08614722375622712,-0.2628027122713678,0.10243555359164251,0.09317302700586999,95
Race (1),ICC2,0.338511882393186,0.03267626069182418,0.5860006828438513,0.14115418932449672,40
Religion,ICC2,0.01702262977853839,-0.3410215293626243,0.37027198326981237,0.18145242669194814,30
Sexuality (1),ICC2,0.4581794629935,0.1073439002798792,0.7090930020975621,0.1535074239330824,27
