domain,type,ICC,ICC_ci_lower,ICC_ci_upper,se,n
Body image,ICC2,0,-0.3687370033641646,0.3687370033641646,0.1881311241653901,20
Digust,ICC2,0.4021597540297057,0.16517193249106993,0.5967582214476601,0.11009854310117097,40
Friend-enemy,ICC2,0.33277852321960294,0.13539478869575888,0.504983280285712,0.09428277846682478,63
Gender,ICC2,0,-0.2868557260766843,0.2868557260766843,0.14635496228402262,33
Lincoln-Hitler,ICC2,0,-0.15429816629576834,0.15642026386149085,0.07926490565236204,103
Race,ICC2,0.21959718356389246,-0.053017991863669234,0.4623098502988205,0.13146118422512493,37
Religion,ICC2,0.08267790262671437,-0.2395152715356283,0.38910732474611576,0.16036290721473062,27
Sexuality (7 day),ICC2,0.4140669468156989,0.12139134932326301,0.6434384475946805,0.13317528017127997,27
