domain,type,ICC,ICC_ci_lower,ICC_ci_upper,se,n
Body image,ICC2,-0.3286190126060009,-0.8183345948684732,0.31351960466415707,0.2887383162073036,12
Friend-Enemy,ICC2,0.3318706555633154,-0.021657488240672103,0.6090252819464058,0.16088846178241786,32
Gender stereotypes (1),ICC2,-0.14870636194608894,-0.4738118195375146,0.20321736767268986,0.17271152734954195,34
Lincoln-Hitler,ICC2,-0.044761797041912924,-0.3261526974210895,0.24930967984930275,0.1468016268546919,43
Race (1),ICC2,0.3396981775623236,-0.09031131024189891,0.6578620051941777,0.19086053965206035,23
Religion,ICC2,-0.3399730363945874,-0.6925521937371569,0.13988537185403524,0.2123565218344878,18
Sexuality (1),ICC2,0.5014142226129424,0.1263104095758099,0.7497693052116997,0.15904563664180862,24
