domain,type,ICC,ICC_ci_lower,ICC_ci_upper,se,n
Body image,ICC2,0,-0.35153123094353966,0.3515312309435396,0.17935266884874473,22
Disgust (1),ICC2,0.38635249655642034,0.1406413218210262,0.5902967855275006,0.11470802645573329,37
Friend-Enemy,ICC2,0.42405976160974573,0.23332981277187664,0.5836171896992424,0.08935902472636881,60
Gender (1),ICC2,0,-0.2638092302634778,0.2638092302634778,0.1345965460527948,39
Lincoln-Hitler,ICC2,0,-0.15923807953778388,0.16118251865843727,0.08173994851944417,98
Race (1),ICC2,0.22916398340950134,-0.0253297729128118,0.45620869734615893,0.1228414464946354,42
Religion,ICC2,0.041392089245010824,-0.26226640614114594,0.33784284496624833,0.15308909467025364,30
Sexuality (1),ICC2,0.3921236968287688,0.09092780034084935,0.6312693373222386,0.13784222882178296,26
