domain,type,ICC,ICC_ci_lower,ICC_ci_upper,se,n
Body image,ICC2,-0.38539492101178174,-0.729383865024775,0.06334490805231635,0.2022267278257886,22
Disgust (1),ICC2,0.37830898170380356,0.08090469307183794,0.6182275304520285,0.13707215239290577,37
Friend-Enemy,ICC2,0.44514250407370265,0.21614999841804428,0.6273827552054306,0.10490631550698631,60
Gender (1),ICC2,-0.16862452770165579,-0.4693868021643479,0.15946562274614134,0.16042153696696154,39
Lincoln-Hitler,ICC2,-0.08048981146075974,-0.262085111750901,0.1105037964079153,0.0950481908568409,98
Race (1),ICC2,0.3185738852912551,0.01524255138141721,0.5668124174142188,0.14070659847775552,42
Religion,ICC2,-0.0020813401803787697,-0.35285634365532853,0.35130107219799567,0.1796319938401337,30
Sexuality (1),ICC2,0.4302126555244551,0.06689969906631064,0.6950584156426024,0.16024457055517646,26
