domain,r,n,yi,vi
Body image,-0.3619008599034945,22,-0.37907151535054756,0.05263157894736842
Disgust (1),0.4060188040618865,37,0.4308348921222133,0.029411764705882353
Friend-Enemy,0.4494525370167527,60,0.48401401652157,0.017543859649122806
Gender (1),-0.16412352295587576,39,-0.16562144730151662,0.027777777777777776
Lincoln-Hitler,-0.08518386183520721,98,-0.08539080317161543,0.010526315789473684
Race (1),0.31498792496835076,42,0.3260731480729221,0.02564102564102564
Religion,-0.0021016508193233935,30,-0.002101653913617432,0.037037037037037035
Sexuality (1),0.4609188302748563,26,0.49847734990264014,0.043478260869565216
