domain,type,ICC,ICC_ci_lower,ICC_ci_upper,se,n
Body image,ICC2,0,-0.35153123094353966,0.3515312309435396,0.17935266884874473,22
Digust,ICC2,0.4021597540297057,0.16517193249106993,0.5967582214476601,0.11009854310117097,40
Friend-Enemy,ICC2,0.33277852321960294,0.13539478869575888,0.504983280285712,0.09428277846682478,63
Gender,ICC2,0,-0.26726695465429323,0.26726695465429323,0.13636069115014962,38
Lincoln-Hitler,ICC2,0,-0.15429816629576834,0.15642026386149085,0.07926490565236204,103
Race (1),ICC2,0.22916398340950134,-0.0253297729128118,0.45620869734615893,0.1228414464946354,42
Religion,ICC2,0.0560643101017467,-0.2483549035665601,0.35073200632946433,0.15282829334082257,30
Sexuality (7 day),ICC2,0.4140669468156989,0.12139134932326301,0.6434384475946805,0.13317528017127997,27
