domain,r,n,yi,vi
Body image,-0.42214535679842785,20,-0.4502997352073393,0.058823529411764705
Disgust (1),0.4115479739799343,37,0.43747341538132867,0.029411764705882353
Friend-Enemy,0.31308005088036545,52,0.32395653866001634,0.02040816326530612
Gender stereotypes (1),-0.19100244304657707,37,-0.19337736169545644,0.029411764705882353
Lincoln-Hitler,-0.01974483867208902,84,-0.019747405171202843,0.012345679012345678
Race (1),0.37123579491394193,36,0.3898556692853674,0.030303030303030304
Religion,-0.14623243055874313,25,-0.1472883529412826,0.045454545454545456
Sexuality (1),0.4904867795911576,27,0.5367011215810824,0.041666666666666664
